slice,vary,value,kappa,kappa_bar,time_horizon,series_label,series_order,case_name,side,node_count,edge_count,diameter,edge_weight,eta_power,eta,dt,response_horizon,r_dyn,central_cost,dense_prefix_cost,dense_relative_prefix_cost,residual_l1_row,residual_l1_col,residual_schur_bound,direct_truncation_gamma,direct_truncation_certified,direct_truncation_tau_min_0p1_certified,tail_l1,response_l1,direct_truncation_nominal_prefix_cost,direct_truncation_nominal_relative_cost,residual_floor,residual_excess
halo,kappa,0,0,4,160,$\bar\kappa=4$,0,2d-mesh,10,100,180,18,0.05,-4,0.0625,1.0,560,1,7.422470437254098,7.422468554734186,0.9999997463755594,1.0328890153972867,1.028495178909701,1.0306897557873063,1.0306897557873063,0,0,84.74364764823089,493.55842716952606,7.299337206394483,0.9834107482272213,0.8916343273392973,0.139055428448009
halo,kappa,1,1,4,160,$\bar\kappa=4$,0,2d-mesh,10,100,180,18,0.05,-4,0.0625,1.0,560,1,7.422470437254098,7.422468554734186,0.9999997463755594,0.9507963125465918,0.9463697146005668,0.9485804314595518,0.9485804314595518,1,0,84.68317805714078,493.6193368088536,7.379843493264486,0.9942570409205453,0.8916343273392973,0.05694610412025458
halo,kappa,2,2,4,160,$\bar\kappa=4$,0,2d-mesh,10,100,180,18,0.05,-4,0.0625,1.0,560,1,7.422470437254098,7.422468554734186,0.9999997463755594,0.9120109111749473,0.9075600225851596,0.9097827450242432,0.9097827450242432,1,0,84.66390037118391,493.6388123382605,7.398371145031529,0.9967531979512356,0.8916343273392973,0.018148417684945906
halo,kappa,3,3,4,160,$\bar\kappa=4$,0,2d-mesh,10,100,180,18,0.05,-4,0.0625,1.0,560,1,7.422470437254098,7.422468554734186,0.9999997463755594,0.8979083491982058,0.8934399559672186,0.8956713660546723,0.8956713660546723,1,1,84.65986334508503,493.64286330753197,7.401054900197902,0.9971147696394034,0.8916343273392973,0.004037038715375085
halo,kappa,4,4,4,160,$\bar\kappa=4$,0,2d-mesh,10,100,180,18,0.05,-4,0.0625,1.0,560,1,7.422470437254098,7.422468554734186,0.9999997463755594,0.8938713230993103,0.8894029298683231,0.8916343273392973,0.8916343273392973,1,1,84.65986334508503,493.64286330753197,7.4013109170415525,0.9971492617732306,0.8916343273392973,0.0
halo,kappa,0,0,8,160,$\bar\kappa=8$,1,2d-mesh,10,100,180,18,0.05,-4,0.0625,1.0,560,1,7.422470437254098,7.422468554734186,0.9999997463755594,0.96344690473207,0.962828118899664,0.9631374621220393,0.9631374621220393,1,0,71.68152435890117,506.094732743295,7.2996697285328365,0.9834555476159376,0.8026254987029421,0.16051196341909724
halo,kappa,1,1,8,160,$\bar\kappa=8$,1,2d-mesh,10,100,180,18,0.05,-4,0.0625,1.0,560,1,7.422470437254098,7.422468554734186,0.9999997463755594,0.8733824560553507,0.8727533721665335,0.8730678574506088,0.8730678574506088,1,1,71.6087829043911,506.1674741978052,7.38017896563828,0.9943022377827802,0.8026254987029421,0.07044235874766669
halo,kappa,2,2,8,160,$\bar\kappa=8$,1,2d-mesh,10,100,180,18,0.05,-4,0.0625,1.0,560,1,7.422470437254098,7.422468554734186,0.9999997463755594,0.8287459156687883,0.8281052952693942,0.828425543545228,0.828425543545228,1,1,71.58198206815209,506.19427503404415,7.398711342978738,0.9967990314712322,0.8026254987029421,0.02580004484228593
halo,kappa,3,3,8,160,$\bar\kappa=8$,1,2d-mesh,10,100,180,18,0.05,-4,0.0625,1.0,560,1,7.422470437254098,7.422468554734186,0.9999997463755594,0.8108829626180004,0.810227176492866,0.810555003234298,0.810555003234298,1,1,71.57372932553129,506.20252777666497,7.401402423733954,0.997161590106927,0.8026254987029421,0.00792950453135588
halo,kappa,4,4,8,160,$\bar\kappa=8$,1,2d-mesh,10,100,180,18,0.05,-4,0.0625,1.0,560,1,7.422470437254098,7.422468554734186,0.9999997463755594,0.8049983612776912,0.8043312400495133,0.8046647315275546,0.8046647315275546,1,1,71.57163861048329,506.20461849171295,7.40166937343339,0.9971975551810478,0.8026254987029421,0.0020392328246124913
halo,kappa,5,5,8,160,$\bar\kappa=8$,1,2d-mesh,10,100,180,18,0.05,-4,0.0625,1.0,560,1,7.422470437254098,7.422468554734186,0.9999997463755594,0.8034435856256785,0.8027725738753806,0.8031080096701755,0.8031080096701755,1,1,71.57116539858268,506.20509170361356,7.401685127639208,0.997199677682707,0.8026254987029421,0.00048251096723339604
halo,kappa,6,6,8,160,$\bar\kappa=8$,1,2d-mesh,10,100,180,18,0.05,-4,0.0625,1.0,560,1,7.422470437254098,7.422468554734186,0.9999997463755594,0.8031177476277346,0.8024425721700519,0.8027800889171441,0.8027800889171441,1,1,71.57100786690974,506.2052492352865,7.401685504344466,0.9971997284347122,0.8026254987029421,0.000154590214202055
halo,kappa,7,7,8,160,$\bar\kappa=8$,1,2d-mesh,10,100,180,18,0.05,-4,0.0625,1.0,560,1,7.422470437254098,7.422468554734186,0.9999997463755594,0.8030103921352649,0.8023328481048284,0.8026715486297382,0.8026715486297382,1,1,71.57096181698705,506.2052952852092,7.401685605247275,0.9971997420289473,0.8026254987029421,4.604992679613229e-05
halo,kappa,8,8,8,160,$\bar\kappa=8$,1,2d-mesh,10,100,180,18,0.05,-4,0.0625,1.0,560,1,7.422470437254098,7.422468554734186,0.9999997463755594,0.8029643422125718,0.8022867981821326,0.8026254987029421,0.8026254987029421,1,1,71.57096181698705,506.2052952852092,7.4016856432841145,0.9971997471534999,0.8026254987029421,0.0
halo,kappa,0,0,18,160,$\bar\kappa=18$,2,2d-mesh,10,100,180,18,0.05,-4,0.0625,1.0,560,1,7.422470437254098,7.422468554734186,0.9999997463755594,0.9624147935287685,0.9624257428278645,0.9624202681627455,0.9624202681627455,1,0,71.53038777581612,506.24586932638005,7.299670029794856,0.9834555882037744,0.8012794185544045,0.16114084960834096
halo,kappa,1,1,18,160,$\bar\kappa=18$,2,2d-mesh,10,100,180,18,0.05,-4,0.0625,1.0,560,1,7.422470437254098,7.422468554734186,0.9999997463755594,0.8722147218389678,0.8722260387544628,0.8722203802783609,0.8722203802783609,1,1,71.45723950650242,506.31901759569377,7.380179268517953,0.994302278588557,0.8012794185544045,0.07094096172395636
halo,kappa,2,2,18,160,$\bar\kappa=18$,2,2d-mesh,10,100,180,18,0.05,-4,0.0625,1.0,560,1,7.422470437254098,7.422468554734186,0.9999997463755594,0.8274561080406816,0.8274654515341604,0.8274607797742329,0.8274607797742329,1,1,71.43012463853478,506.3461324636614,7.398711647972502,0.9967990725618321,0.8012794185544045,0.026181361219828392
halo,kappa,3,3,18,160,$\bar\kappa=18$,2,2d-mesh,10,100,180,18,0.05,-4,0.0625,1.0,560,1,7.422470437254098,7.422468554734186,0.9999997463755594,0.8094861590548964,0.8094886702624522,0.8094874146577005,0.8094874146577005,1,1,71.42163936020795,506.3546177419882,7.40140273145334,0.9971616315647391,0.8012794185544045,0.008207996103295923
halo,kappa,4,4,18,160,$\bar\kappa=18$,2,2d-mesh,10,100,180,18,0.05,-4,0.0625,1.0,560,1,7.422470437254098,7.422468554734186,0.9999997463755594,0.803510952002595,0.803509120614042,0.8035100363077967,0.8035100363077967,1,1,71.41938541612983,506.3568716860663,7.4016696845918,0.9971975971021861,0.8012794185544045,0.0022306177533921723
halo,kappa,5,5,18,160,$\bar\kappa=18$,2,2d-mesh,10,100,180,18,0.05,-4,0.0625,1.0,560,1,7.422470437254098,7.422468554734186,0.9999997463755594,0.8018830841828298,0.8018829105951932,0.8018829973890068,0.8018829973890068,1,1,71.4188053523693,506.3574517498269,7.4016854430333785,0.9971997201745125,0.8012794185544045,0.0006035788346022697
halo,kappa,6,6,18,160,$\bar\kappa=18$,2,2d-mesh,10,100,180,18,0.05,-4,0.0625,1.0,560,1,7.422470437254098,7.422468554734186,0.9999997463755594,0.8015026173615438,0.8015022661932026,0.801502441777354,0.801502441777354,1,1,71.41858390153949,506.35767320065673,7.401685824830454,0.997199771612518,0.8012794185544045,0.00022302322294942556
halo,kappa,7,7,18,160,$\bar\kappa=18$,2,2d-mesh,10,100,180,18,0.05,-4,0.0625,1.0,560,1,7.422470437254098,7.422468554734186,0.9999997463755594,0.8013596583541026,0.8013591749731982,0.801359416663614,0.801359416663614,1,1,71.41850350812386,506.35775359407234,7.401685931711056,0.9971997860121177,0.8012794185544045,7.999810920944483e-05
halo,kappa,8,8,18,160,$\bar\kappa=18$,2,2d-mesh,10,100,180,18,0.05,-4,0.0625,1.0,560,1,7.422470437254098,7.422468554734186,0.9999997463755594,0.8012952799250465,0.8012951008314407,0.8012951903782386,0.8012951903782386,1,1,71.41848769572475,506.3577694064714,7.40168597660709,0.9971997920607821,0.8012794185544045,1.5771823834054288e-05
halo,kappa,9,9,18,160,$\bar\kappa=18$,2,2d-mesh,10,100,180,18,0.05,-4,0.0625,1.0,560,1,7.422470437254098,7.422468554734186,0.9999997463755594,0.8012805707213555,0.8012805640919902,0.8012805674066729,0.8012805674066729,1,1,71.41848655018711,506.3577705520091,7.40168598430416,0.9971997930977778,0.8012794185544045,1.148852268317846e-06
halo,kappa,10,10,18,160,$\bar\kappa=18$,2,2d-mesh,10,100,180,18,0.05,-4,0.0625,1.0,560,1,7.422470437254098,7.422468554734186,0.9999997463755594,0.8012794185544563,0.8012794185543527,0.8012794185544045,0.8012794185544045,1,1,71.41848655018711,506.3577705520091,7.401685984899429,0.9971997931779761,0.8012794185544045,0.0
halo,kappa,11,11,18,160,$\bar\kappa=18$,2,2d-mesh,10,100,180,18,0.05,-4,0.0625,1.0,560,1,7.422470437254098,7.422468554734186,0.9999997463755594,0.8012794185544563,0.8012794185543527,0.8012794185544045,0.8012794185544045,1,1,71.41848655018711,506.3577705520091,7.401685984921006,0.997199793180883,0.8012794185544045,0.0
halo,kappa,12,12,18,160,$\bar\kappa=18$,2,2d-mesh,10,100,180,18,0.05,-4,0.0625,1.0,560,1,7.422470437254098,7.422468554734186,0.9999997463755594,0.8012794185544563,0.8012794185543527,0.8012794185544045,0.8012794185544045,1,1,71.41848655018711,506.3577705520091,7.401685984932691,0.9971997931824573,0.8012794185544045,0.0
halo,kappa,13,13,18,160,$\bar\kappa=18$,2,2d-mesh,10,100,180,18,0.05,-4,0.0625,1.0,560,1,7.422470437254098,7.422468554734186,0.9999997463755594,0.8012794185544563,0.8012794185543527,0.8012794185544045,0.8012794185544045,1,1,71.41848655018711,506.3577705520091,7.40168598493683,0.9971997931830151,0.8012794185544045,0.0
halo,kappa,14,14,18,160,$\bar\kappa=18$,2,2d-mesh,10,100,180,18,0.05,-4,0.0625,1.0,560,1,7.422470437254098,7.422468554734186,0.9999997463755594,0.8012794185544563,0.8012794185543527,0.8012794185544045,0.8012794185544045,1,1,71.41848655018711,506.3577705520091,7.401685984937417,0.997199793183094,0.8012794185544045,0.0
halo,kappa,15,15,18,160,$\bar\kappa=18$,2,2d-mesh,10,100,180,18,0.05,-4,0.0625,1.0,560,1,7.422470437254098,7.422468554734186,0.9999997463755594,0.8012794185544563,0.8012794185543527,0.8012794185544045,0.8012794185544045,1,1,71.41848655018711,506.3577705520091,7.401685984937445,0.9971997931830979,0.8012794185544045,0.0
halo,kappa,16,16,18,160,$\bar\kappa=18$,2,2d-mesh,10,100,180,18,0.05,-4,0.0625,1.0,560,1,7.422470437254098,7.422468554734186,0.9999997463755594,0.8012794185544563,0.8012794185543527,0.8012794185544045,0.8012794185544045,1,1,71.41848655018711,506.3577705520091,7.401685984937448,0.9971997931830983,0.8012794185544045,0.0
halo,kappa,17,17,18,160,$\bar\kappa=18$,2,2d-mesh,10,100,180,18,0.05,-4,0.0625,1.0,560,1,7.422470437254098,7.422468554734186,0.9999997463755594,0.8012794185544563,0.8012794185543527,0.8012794185544045,0.8012794185544045,1,1,71.41848655018711,506.3577705520091,7.401685984937449,0.9971997931830984,0.8012794185544045,0.0
halo,kappa,18,18,18,160,$\bar\kappa=18$,2,2d-mesh,10,100,180,18,0.05,-4,0.0625,1.0,560,1,7.422470437254098,7.422468554734186,0.9999997463755594,0.8012794185544563,0.8012794185543527,0.8012794185544045,0.8012794185544045,1,1,71.41848655018711,506.3577705520091,7.401685984937449,0.9971997931830984,0.8012794185544045,0.0
memory,time_horizon,40,0,4,40,"$(0,4)$",0,2d-mesh,10,100,180,18,0.05,-4,0.0625,1.0,560,1,7.422470437254098,7.422468554734186,0.9999997463755594,4.1987648036005805,4.196550641046757,4.197657576334041,4.197657576334041,0,0,316.781940402023,261.4055468740087,6.308593572366439,0.8499317883036619,0.32193017749245273,3.8757273988415886
memory,time_horizon,60,0,4,60,"$(0,4)$",0,2d-mesh,10,100,180,18,0.05,-4,0.0625,1.0,560,1,7.422470437254098,7.422468554734186,0.9999997463755594,2.9935856078200564,2.990170517326753,2.9918775753023756,2.9918775753023756,0,0,256.1214730130366,322.09754855126556,6.878769739935353,0.926749361696362,0.32193017749245273,2.669947397809923
memory,time_horizon,80,0,4,80,"$(0,4)$",0,2d-mesh,10,100,180,18,0.05,-4,0.0625,1.0,560,1,7.422470437254098,7.422468554734186,0.9999997463755594,2.7525670019437816,2.7489833124192455,2.7507745735809266,2.7507745735809266,0,0,201.94980102251395,376.31495365787043,7.100597715129056,0.9566353648901675,0.32193017749245273,2.428844396088474
memory,time_horizon,100,0,4,100,"$(0,4)$",0,2d-mesh,10,100,180,18,0.05,-4,0.0625,1.0,560,1,7.422470437254098,7.422468554734186,0.9999997463755594,2.0935713521315953,2.0896876244238873,2.09162858686665,2.09162858686665,0,0,158.00657459675114,420.37123103885324,7.204121729988458,0.9705827447732595,0.32193017749245273,1.7696984093741972
memory,time_horizon,120,0,4,120,"$(0,4)$",0,2d-mesh,10,100,180,18,0.05,-4,0.0625,1.0,560,1,7.422470437254098,7.422468554734186,0.9999997463755594,1.6094646312786507,1.605258762634914,1.6073603213066525,1.6073603213066525,0,0,125.94659999551605,452.49740980554583,7.256429055562501,0.9776299032653307,0.32193017749245273,1.2854301438141997
memory,time_horizon,160,0,4,160,"$(0,4)$",0,2d-mesh,10,100,180,18,0.05,-4,0.0625,1.0,560,1,7.422470437254098,7.422468554734186,0.9999997463755594,1.0328890153972867,1.028495178909701,1.0306897557873063,1.0306897557873063,0,0,84.74364764823089,493.55842716952606,7.299337206394483,0.9834107482272213,0.32193017749245273,0.7087595782948535
memory,time_horizon,200,0,4,200,"$(0,4)$",0,2d-mesh,10,100,180,18,0.05,-4,0.0625,1.0,560,1,7.422470437254098,7.422468554734186,0.9999997463755594,0.751087370144941,0.7467349558193337,0.7489080011334116,0.7489080011334116,1,1,59.92993114434468,518.2924724488407,7.312834273862341,0.9852291545896252,0.32193017749245273,0.4269778236409589
memory,time_horizon,240,0,4,240,"$(0,4)$",0,2d-mesh,10,100,180,18,0.05,-4,0.0625,1.0,560,1,7.422470437254098,7.422468554734186,0.9999997463755594,0.5796387093153834,0.5752510119533812,0.5774406931460807,0.5774406931460807,1,1,43.99286575112757,534.2418780673388,7.317438376563127,0.9858494470838435,0.32193017749245273,0.255510515653628
memory,time_horizon,320,0,4,320,"$(0,4)$",0,2d-mesh,10,100,180,18,0.05,-4,0.0625,1.0,560,1,7.422470437254098,7.422468554734186,0.9999997463755594,0.3971578969607479,0.39273885606988507,0.39494219593693125,0.39494219593693125,1,1,27.147914370748286,551.0928648353773,7.319718978082015,0.9861567034802371,0.32193017749245273,0.07301201844447852
memory,time_horizon,400,0,4,400,"$(0,4)$",0,2d-mesh,10,100,180,18,0.05,-4,0.0625,1.0,560,1,7.422470437254098,7.422468554734186,0.9999997463755594,0.32414770502953844,0.31972782028759966,0.32193017749245273,0.32193017749245273,1,1,19.874390670700613,558.3560135641425,7.32005248424371,0.9862016354425148,0.32193017749245273,0.0
memory,time_horizon,40,2,8,40,"$(2,8)$",1,2d-mesh,10,100,180,18,0.05,-4,0.0625,1.0,560,1,7.422470437254098,7.422468554734186,0.9999997463755594,4.059119977674056,4.058785938933263,4.058952954867371,4.058952954867371,0,0,312.1000614650444,265.67619563715834,6.407805302906059,0.8632981912254798,0.08757366714666234,3.9713792877207084
memory,time_horizon,60,2,8,60,"$(2,8)$",1,2d-mesh,10,100,180,18,0.05,-4,0.0625,1.0,560,1,7.422470437254098,7.422468554734186,0.9999997463755594,2.930373989128501,2.92987405707755,2.9301240124408467,2.9301240124408467,0,0,249.85517698264402,327.92108011955236,6.978020096946391,0.9401209686094582,0.08757366714666234,2.8425503452941845
memory,time_horizon,80,2,8,80,"$(2,8)$",1,2d-mesh,10,100,180,18,0.05,-4,0.0625,1.0,560,1,7.422470437254098,7.422468554734186,0.9999997463755594,2.669952804387543,2.6694084413530663,2.6696806089954657,2.6696806089954657,0,0,192.69517364771377,385.0810834544826,7.199922470644791,0.9700169952186919,0.08757366714666234,2.5821069418488034
memory,time_horizon,100,2,8,100,"$(2,8)$",1,2d-mesh,10,100,180,18,0.05,-4,0.0625,1.0,560,1,7.422470437254098,7.422468554734186,0.9999997463755594,1.9311156742525288,1.9305571126435637,1.9308363732501237,1.9308363732501237,0,0,146.8878402533431,430.88841684885335,7.303480754297184,0.9839689920003327,0.08757366714666234,1.8432627061034614
memory,time_horizon,120,2,8,120,"$(2,8)$",1,2d-mesh,10,100,180,18,0.05,-4,0.0625,1.0,560,1,7.422470437254098,7.422468554734186,0.9999997463755594,1.4196466078071985,1.4190625799250396,1.4193545638270635,1.4193545638270635,0,0,113.99667790909001,463.77957919310643,7.355795596969325,0.9910171632412134,0.08757366714666234,1.3317808966804012
memory,time_horizon,160,2,8,160,"$(2,8)$",1,2d-mesh,10,100,180,18,0.05,-4,0.0625,1.0,560,1,7.422470437254098,7.422468554734186,0.9999997463755594,0.8287459156687883,0.8281052952693942,0.828425543545228,0.828425543545228,1,1,71.58198206815209,506.19427503404415,7.398711342978738,0.9967990314712322,0.08757366714666234,0.7408518763985656
memory,time_horizon,200,2,8,200,"$(2,8)$",1,2d-mesh,10,100,180,18,0.05,-4,0.0625,1.0,560,1,7.422470437254098,7.422468554734186,0.9999997463755594,0.5327295874503716,0.532069943097225,0.5323996631112076,0.5323996631112076,1,1,45.890523362910756,531.8857337392855,7.412212771139864,0.998618025332543,0.08757366714666234,0.4448259959645452
memory,time_horizon,240,2,8,240,"$(2,8)$",1,2d-mesh,10,100,180,18,0.05,-4,0.0625,1.0,560,1,7.422470437254098,7.422468554734186,0.9999997463755594,0.351673293851081,0.3509852571309233,0.35132910706117193,0.35132910706117193,1,1,29.483607205965725,548.2926498962306,7.416817907869058,0.9992384571373071,0.08757366714666234,0.26375543991450956
memory,time_horizon,320,2,8,320,"$(2,8)$",1,2d-mesh,10,100,180,18,0.05,-4,0.0625,1.0,560,1,7.422470437254098,7.422468554734186,0.9999997463755594,0.16201947380971918,0.1613250060972571,0.16167186706482775,0.16167186706482775,1,1,12.317974874380543,565.458282227816,7.419098711963768,0.9995457408259375,0.08757366714666234,0.07409819991816541
memory,time_horizon,400,2,8,400,"$(2,8)$",1,2d-mesh,10,100,180,18,0.05,-4,0.0625,1.0,560,1,7.422470437254098,7.422468554734186,0.9999997463755594,0.08792403512916687,0.08722469534351861,0.08757366714666234,0.08757366714666234,1,1,4.9364217086851,572.853947678021,7.419432257179186,0.9995906780497685,0.08757366714666234,0.0
memory,time_horizon,40,4,18,40,"$(4,18)$",2,2d-mesh,10,100,180,18,0.05,-4,0.0625,1.0,560,1,7.422470437254098,7.422468554734186,0.9999997463755594,4.0350209800902,4.035019148701198,4.035020064395596,4.035020064395596,0,0,312.0397828662368,265.7364742359693,6.410763462930399,0.8636967323917056,0.062011265615175094,3.9730087987804206
memory,time_horizon,60,4,18,60,"$(4,18)$",2,2d-mesh,10,100,180,18,0.05,-4,0.0625,1.0,560,1,7.422470437254098,7.422468554734186,0.9999997463755594,2.907276048963233,2.9072742175748547,2.9072751332688997,2.9072751332688997,0,0,249.772588363051,328.00366873914567,6.980978296761362,0.9405195151365178,0.062011265615175094,2.8452638676537245
memory,time_horizon,80,4,18,80,"$(4,18)$",2,2d-mesh,10,100,180,18,0.05,-4,0.0625,1.0,560,1,7.422470437254098,7.422468554734186,0.9999997463755594,2.6461569670977263,2.646155135709191,2.6461560514033002,2.6461560514033002,0,0,192.57427824435268,385.2019788578437,7.2028807417032725,0.9704155513441072,0.062011265615175094,2.584144785788125
memory,time_horizon,100,4,18,100,"$(4,18)$",2,2d-mesh,10,100,180,18,0.05,-4,0.0625,1.0,560,1,7.422470437254098,7.422468554734186,0.9999997463755594,1.9060673250746887,1.9060654936862031,1.906066409380226,1.906066409380226,0,0,146.74904393279473,431.02721316940165,7.306439067161696,0.9843675537581087,0.062011265615175094,1.844055143765051
memory,time_horizon,120,4,18,120,"$(4,18)$",2,2d-mesh,10,100,180,18,0.05,-4,0.0625,1.0,560,1,7.422470437254098,7.422468554734186,0.9999997463755594,1.394438601314607,1.3944367699260143,1.39443768562001,1.39443768562001,0,0,113.85280553899487,463.9234515632017,7.358753919928888,0.9914157263590554,0.062011265615175094,1.332426420004835
memory,time_horizon,160,4,18,160,"$(4,18)$",2,2d-mesh,10,100,180,18,0.05,-4,0.0625,1.0,560,1,7.422470437254098,7.422468554734186,0.9999997463755594,0.803510952002595,0.803509120614042,0.8035100363077967,0.8035100363077967,1,1,71.41938541612983,506.3568716860663,7.4016696845918,0.9971975971021861,0.062011265615175094,0.7414987706926216
memory,time_horizon,200,4,18,200,"$(4,18)$",2,2d-mesh,10,100,180,18,0.05,-4,0.0625,1.0,560,1,7.422470437254098,7.422468554734186,0.9999997463755594,0.5070721948371728,0.5070703634485286,0.5070712791420239,0.5070712791420239,1,1,45.71536655148305,532.0608905507129,7.415171119918512,0.999016591928888,0.062011265615175094,0.44506001352684876
memory,time_horizon,240,4,18,240,"$(4,18)$",2,2d-mesh,10,100,180,18,0.05,-4,0.0625,1.0,560,1,7.422470437254098,7.422468554734186,0.9999997463755594,0.3259115441995262,0.3259097128109801,0.32591062850396674,0.32591062850396674,1,1,29.304810878117276,548.4714462240786,7.419776257583001,0.9996370238596607,0.062011265615175094,0.2638993628887916
memory,time_horizon,320,4,18,320,"$(4,18)$",2,2d-mesh,10,100,180,18,0.05,-4,0.0625,1.0,560,1,7.422470437254098,7.422468554734186,0.9999997463755594,0.1361375132986771,0.13613568191016273,0.1361365976013403,0.1361365976013403,1,1,12.132853489472682,565.6434036127235,7.422057062405218,0.9999443076463052,0.062011265615175094,0.07412533198616522
memory,time_horizon,400,4,18,400,"$(4,18)$",2,2d-mesh,10,100,180,18,0.05,-4,0.0625,1.0,560,1,7.422470437254098,7.422468554734186,0.9999997463755594,0.062012181316181296,0.062010349927690556,0.062011265615175094,0.062011265615175094,1,1,4.736203650032445,573.0400534521632,7.422390607645731,0.9999892448735173,0.062011265615175094,0.0
footprint,kappa_bar,0,0,0,160,$\kappa=0$,0,2d-mesh,10,100,180,18,0.05,-4,0.0625,1.0,560,1,7.422470437254098,7.422468554734186,0.9999997463755594,2.442909396522129,2.2906237464765056,2.365541433618143,2.365541433618143,0,0,327.20624229832845,262.9738117507676,6.302925978256408,0.8491682158303268,0.9624202681627455,1.4031211654553974
footprint,kappa_bar,1,0,1,160,$\kappa=0$,0,2d-mesh,10,100,180,18,0.05,-4,0.0625,1.0,560,1,7.422470437254098,7.422468554734186,0.9999997463755594,1.9826128689531628,1.9803778780697034,1.9814950583968538,1.9814950583968538,0,0,175.16435640737018,405.565291279691,7.141778678778657,0.9621835127740459,0.9624202681627455,1.0190747902341082
footprint,kappa_bar,2,0,2,160,$\kappa=0$,0,2d-mesh,10,100,180,18,0.05,-4,0.0625,1.0,560,1,7.422470437254098,7.422468554734186,0.9999997463755594,1.2173266308232893,1.2178292899377212,1.217577934441079,1.217577934441079,0,0,113.93027390740771,463.84598319478823,7.281469233052829,0.9810034670540996,0.9624202681627455,0.2551576662783336
footprint,kappa_bar,3,0,3,160,$\kappa=0$,0,2d-mesh,10,100,180,18,0.05,-4,0.0625,1.0,560,1,7.422470437254098,7.422468554734186,0.9999997463755594,1.022531624868407,1.0226882721152415,1.0226099454923474,1.0226099454923474,0,0,97.91677723495552,479.97962030985843,7.297517363253914,0.9831655679794921,0.9624202681627455,0.0601896773296019
footprint,kappa_bar,4,0,4,160,$\kappa=0$,0,2d-mesh,10,100,180,18,0.05,-4,0.0625,1.0,560,1,7.422470437254098,7.422468554734186,0.9999997463755594,1.0328890153972867,1.028495178909701,1.0306897557873063,1.0306897557873063,0,0,84.74364764823089,493.55842716952606,7.299337206394483,0.9834107482272213,0.9624202681627455,0.06826948762456075
footprint,kappa_bar,5,0,5,160,$\kappa=0$,0,2d-mesh,10,100,180,18,0.05,-4,0.0625,1.0,560,1,7.422470437254098,7.422468554734186,0.9999997463755594,1.0109036744996545,1.0065633529874878,1.008731179329629,1.008731179329629,0,0,76.29664348193545,501.4796136202608,7.299609474414917,0.9834474298176346,0.9624202681627455,0.04631091116688346
footprint,kappa_bar,6,0,6,160,$\kappa=0$,0,2d-mesh,10,100,180,18,0.05,-4,0.0625,1.0,560,1,7.422470437254098,7.422468554734186,0.9999997463755594,0.9798677511312328,0.977815237401783,0.9788409562818352,0.9788409562818352,1,0,72.78615490188915,504.99010220030686,7.299659596737133,0.9834541825992912,0.9624202681627455,0.0164206881190897
footprint,kappa_bar,7,0,7,160,$\kappa=0$,0,2d-mesh,10,100,180,18,0.05,-4,0.0625,1.0,560,1,7.422470437254098,7.422468554734186,0.9999997463755594,0.9653144058423444,0.9647052565021382,0.9650097831075849,0.9650097831075849,1,0,71.92611190629601,505.8501451959003,7.299668320653108,0.9834553579378862,0.9624202681627455,0.0025895149448393884
footprint,kappa_bar,8,0,8,160,$\kappa=0$,0,2d-mesh,10,100,180,18,0.05,-4,0.0625,1.0,560,1,7.422470437254098,7.422468554734186,0.9999997463755594,0.96344690473207,0.962828118899664,0.9631374621220393,0.9631374621220393,1,0,71.68152435890117,506.094732743295,7.2996697285328365,0.9834555476159376,0.9624202681627455,0.0007171939592938159
footprint,kappa_bar,9,0,9,160,$\kappa=0$,0,2d-mesh,10,100,180,18,0.05,-4,0.0625,1.0,560,1,7.422470437254098,7.422468554734186,0.9999997463755594,0.9629458266322788,0.962598464897614,0.9627721300992231,0.9627721300992231,1,0,71.55245715983978,506.2237999423564,7.299669973142787,0.9834555805712659,0.9624202681627455,0.00035186193647762654
footprint,kappa_bar,10,0,10,160,$\kappa=0$,0,2d-mesh,10,100,180,18,0.05,-4,0.0625,1.0,560,1,7.422470437254098,7.422468554734186,0.9999997463755594,0.9624622444754722,0.9624257428278645,0.9624439934786232,0.9624439934786232,1,0,71.53038777581612,506.24586932638005,7.299670019600473,0.9834555868303256,0.9624202681627455,2.3725315877687336e-05
footprint,kappa_bar,11,0,11,160,$\kappa=0$,0,2d-mesh,10,100,180,18,0.05,-4,0.0625,1.0,560,1,7.422470437254098,7.422468554734186,0.9999997463755594,0.9624147935287685,0.9624257428278645,0.9624202681627455,0.9624202681627455,1,0,71.53038777581612,506.24586932638005,7.299670028043996,0.983455587967888,0.9624202681627455,0.0
footprint,kappa_bar,12,0,12,160,$\kappa=0$,0,2d-mesh,10,100,180,18,0.05,-4,0.0625,1.0,560,1,7.422470437254098,7.422468554734186,0.9999997463755594,0.9624147935287685,0.9624257428278645,0.9624202681627455,0.9624202681627455,1,0,71.53038777581612,506.24586932638005,7.299670029485519,0.9834555881620987,0.9624202681627455,0.0
footprint,kappa_bar,13,0,13,160,$\kappa=0$,0,2d-mesh,10,100,180,18,0.05,-4,0.0625,1.0,560,1,7.422470437254098,7.422468554734186,0.9999997463755594,0.9624147935287685,0.9624257428278645,0.9624202681627455,0.9624202681627455,1,0,71.53038777581612,506.24586932638005,7.299670029739652,0.983455588196337,0.9624202681627455,0.0
footprint,kappa_bar,14,0,14,160,$\kappa=0$,0,2d-mesh,10,100,180,18,0.05,-4,0.0625,1.0,560,1,7.422470437254098,7.422468554734186,0.9999997463755594,0.9624147935287685,0.9624257428278645,0.9624202681627455,0.9624202681627455,1,0,71.53038777581612,506.24586932638005,7.299670029785805,0.983455588202555,0.9624202681627455,0.0
footprint,kappa_bar,15,0,15,160,$\kappa=0$,0,2d-mesh,10,100,180,18,0.05,-4,0.0625,1.0,560,1,7.422470437254098,7.422468554734186,0.9999997463755594,0.9624147935287685,0.9624257428278645,0.9624202681627455,0.9624202681627455,1,0,71.53038777581612,506.24586932638005,7.299670029793521,0.9834555882035946,0.9624202681627455,0.0
footprint,kappa_bar,16,0,16,160,$\kappa=0$,0,2d-mesh,10,100,180,18,0.05,-4,0.0625,1.0,560,1,7.422470437254098,7.422468554734186,0.9999997463755594,0.9624147935287685,0.9624257428278645,0.9624202681627455,0.9624202681627455,1,0,71.53038777581612,506.24586932638005,7.299670029794685,0.9834555882037513,0.9624202681627455,0.0
footprint,kappa_bar,17,0,17,160,$\kappa=0$,0,2d-mesh,10,100,180,18,0.05,-4,0.0625,1.0,560,1,7.422470437254098,7.422468554734186,0.9999997463755594,0.9624147935287685,0.9624257428278645,0.9624202681627455,0.9624202681627455,1,0,71.53038777581612,506.24586932638005,7.29967002979484,0.9834555882037723,0.9624202681627455,0.0
footprint,kappa_bar,18,0,18,160,$\kappa=0$,0,2d-mesh,10,100,180,18,0.05,-4,0.0625,1.0,560,1,7.422470437254098,7.422468554734186,0.9999997463755594,0.9624147935287685,0.9624257428278645,0.9624202681627455,0.9624202681627455,1,0,71.53038777581612,506.24586932638005,7.299670029794856,0.9834555882037744,0.9624202681627455,0.0
footprint,kappa_bar,2,2,2,160,$\kappa=2$,1,2d-mesh,10,100,180,18,0.05,-4,0.0625,1.0,560,1,7.422470437254098,7.422468554734186,0.9999997463755594,1.1491512936952506,1.1496538438478405,1.149402541305466,1.149402541305466,0,0,113.90987363496556,463.8663834672304,7.376338737764781,0.9937848591140521,0.8274607797742329,0.3219417615312331
footprint,kappa_bar,3,2,3,160,$\kappa=2$,1,2d-mesh,10,100,180,18,0.05,-4,0.0625,1.0,560,1,7.422470437254098,7.422468554734186,0.9999997463755594,0.9237017371239135,0.9238358018893187,0.9237687670745462,0.9237687670745462,1,0,97.86323856946153,480.0337027971666,7.396270686690139,0.9964702115305896,0.8274607797742329,0.09630798730031331
footprint,kappa_bar,4,2,4,160,$\kappa=2$,1,2d-mesh,10,100,180,18,0.05,-4,0.0625,1.0,560,1,7.422470437254098,7.422468554734186,0.9999997463755594,0.9120109111749473,0.9075600225851596,0.9097827450242432,0.9097827450242432,1,0,84.66390037118391,493.6388123382605,7.398371145031529,0.9967531979512356,0.8274607797742329,0.08232196525001023
footprint,kappa_bar,5,2,5,160,$\kappa=2$,1,2d-mesh,10,100,180,18,0.05,-4,0.0625,1.0,560,1,7.422470437254098,7.422468554734186,0.9999997463755594,0.8797084549514096,0.8753359983140065,0.8775195032819295,0.8775195032819295,1,1,76.20323821099667,501.5730188911996,7.39865032845983,0.9967908112271201,0.8274607797742329,0.05005872350769658
footprint,kappa_bar,6,2,6,160,$\kappa=2$,1,2d-mesh,10,100,180,18,0.05,-4,0.0625,1.0,560,1,7.422470437254098,7.422468554734186,0.9999997463755594,0.8462528756675318,0.8442043172761298,0.8452279758419442,0.8452279758419442,1,1,72.68959738999287,505.0866597122032,7.398700812249819,0.9967976127078961,0.8274607797742329,0.017767196067711266
footprint,kappa_bar,7,2,7,160,$\kappa=2$,1,2d-mesh,10,100,180,18,0.05,-4,0.0625,1.0,560,1,7.422470437254098,7.422468554734186,0.9999997463755594,0.8311778755545045,0.8305392644829492,0.8308585086629001,0.8308585086629001,1,1,71.82822456997398,505.9480325322223,7.398709873872232,0.9967988335443398,0.8274607797742329,0.003397728888667184
footprint,kappa_bar,8,2,8,160,$\kappa=2$,1,2d-mesh,10,100,180,18,0.05,-4,0.0625,1.0,560,1,7.422470437254098,7.422468554734186,0.9999997463755594,0.8287459156687883,0.8281052952693942,0.828425543545228,0.828425543545228,1,1,71.58198206815209,506.19427503404415,7.398711342978738,0.9967990314712322,0.8274607797742329,0.0009647637709950807
footprint,kappa_bar,9,2,9,160,$\kappa=2$,1,2d-mesh,10,100,180,18,0.05,-4,0.0625,1.0,560,1,7.422470437254098,7.422468554734186,0.9999997463755594,0.8280166914208505,0.8276620554012675,0.8278393544208552,0.8278393544208552,1,1,71.45226788833345,506.3239892138627,7.398711591076361,0.9967990648964408,0.8274607797742329,0.00037857464662227613
footprint,kappa_bar,10,2,10,160,$\kappa=2$,1,2d-mesh,10,100,180,18,0.05,-4,0.0625,1.0,560,1,7.422470437254098,7.422468554734186,0.9999997463755594,0.8275037657038788,0.8274654515341604,0.8274846083972669,0.8274846083972669,1,1,71.43012463853478,506.3461324636614,7.398711637617987,0.9967990711668094,0.8274607797742329,2.382862303396127e-05
footprint,kappa_bar,11,2,11,160,$\kappa=2$,1,2d-mesh,10,100,180,18,0.05,-4,0.0625,1.0,560,1,7.422470437254098,7.422468554734186,0.9999997463755594,0.8274561080406816,0.8274654515341604,0.8274607797742329,0.8274607797742329,1,1,71.43012463853478,506.3461324636614,7.398711646186983,0.9967990723212762,0.8274607797742329,0.0
footprint,kappa_bar,12,2,12,160,$\kappa=2$,1,2d-mesh,10,100,180,18,0.05,-4,0.0625,1.0,560,1,7.422470437254098,7.422468554734186,0.9999997463755594,0.8274561080406816,0.8274654515341604,0.8274607797742329,0.8274607797742329,1,1,71.43012463853478,506.3461324636614,7.398711647660451,0.9967990725197907,0.8274607797742329,0.0
footprint,kappa_bar,13,2,13,160,$\kappa=2$,1,2d-mesh,10,100,180,18,0.05,-4,0.0625,1.0,560,1,7.422470437254098,7.422468554734186,0.9999997463755594,0.8274561080406816,0.8274654515341604,0.8274607797742329,0.8274607797742329,1,1,71.43012463853478,506.3461324636614,7.398711647917119,0.9967990725543706,0.8274607797742329,0.0
footprint,kappa_bar,14,2,14,160,$\kappa=2$,1,2d-mesh,10,100,180,18,0.05,-4,0.0625,1.0,560,1,7.422470437254098,7.422468554734186,0.9999997463755594,0.8274561080406816,0.8274654515341604,0.8274607797742329,0.8274607797742329,1,1,71.43012463853478,506.3461324636614,7.3987116479633634,0.996799072560601,0.8274607797742329,0.0
footprint,kappa_bar,15,2,15,160,$\kappa=2$,1,2d-mesh,10,100,180,18,0.05,-4,0.0625,1.0,560,1,7.422470437254098,7.422468554734186,0.9999997463755594,0.8274561080406816,0.8274654515341604,0.8274607797742329,0.8274607797742329,1,1,71.43012463853478,506.3461324636614,7.398711647971151,0.9967990725616501,0.8274607797742329,0.0
footprint,kappa_bar,16,2,16,160,$\kappa=2$,1,2d-mesh,10,100,180,18,0.05,-4,0.0625,1.0,560,1,7.422470437254098,7.422468554734186,0.9999997463755594,0.8274561080406816,0.8274654515341604,0.8274607797742329,0.8274607797742329,1,1,71.43012463853478,506.3461324636614,7.398711647972329,0.9967990725618088,0.8274607797742329,0.0
footprint,kappa_bar,17,2,17,160,$\kappa=2$,1,2d-mesh,10,100,180,18,0.05,-4,0.0625,1.0,560,1,7.422470437254098,7.422468554734186,0.9999997463755594,0.8274561080406816,0.8274654515341604,0.8274607797742329,0.8274607797742329,1,1,71.43012463853478,506.3461324636614,7.398711647972487,0.9967990725618301,0.8274607797742329,0.0
footprint,kappa_bar,18,2,18,160,$\kappa=2$,1,2d-mesh,10,100,180,18,0.05,-4,0.0625,1.0,560,1,7.422470437254098,7.422468554734186,0.9999997463755594,0.8274561080406816,0.8274654515341604,0.8274607797742329,0.8274607797742329,1,1,71.43012463853478,506.3461324636614,7.398711647972502,0.9967990725618321,0.8274607797742329,0.0
footprint,kappa_bar,4,4,4,160,$\kappa=4$,2,2d-mesh,10,100,180,18,0.05,-4,0.0625,1.0,560,1,7.422470437254098,7.422468554734186,0.9999997463755594,0.8938713230993103,0.8894029298683231,0.8916343273392973,0.8916343273392973,1,1,84.65986334508503,493.64286330753197,7.4013109170415525,0.9971492617732306,0.8035100363077967,0.08812429103150055
footprint,kappa_bar,5,4,5,160,$\kappa=4$,2,2d-mesh,10,100,180,18,0.05,-4,0.0625,1.0,560,1,7.422470437254098,7.422468554734186,0.9999997463755594,0.8578725840429376,0.85347134872402,0.8556691366039131,0.8556691366039131,1,1,76.19537599118016,501.5808811110161,7.401607873023324,0.9971892694747475,0.8035100363077967,0.05215910029611637
footprint,kappa_bar,6,4,6,160,$\kappa=4$,2,2d-mesh,10,100,180,18,0.05,-4,0.0625,1.0,560,1,7.422470437254098,7.422468554734186,0.9999997463755594,0.823295593144846,0.8212381553572368,0.8222662307476912,0.8222662307476912,1,1,72.68067145800322,505.09558564419285,7.401658486787571,0.9971960884664397,0.8035100363077967,0.018756194439894514
footprint,kappa_bar,7,4,7,160,$\kappa=4$,2,2d-mesh,10,100,180,18,0.05,-4,0.0625,1.0,560,1,7.422470437254098,7.422468554734186,0.9999997463755594,0.8078486441083077,0.8071787226948273,0.8075136139298779,0.8075136139298779,1,1,71.81870086105253,505.9575562411438,7.401667831686968,0.9971973474676679,0.8035100363077967,0.004003577622081145
footprint,kappa_bar,8,4,8,160,$\kappa=4$,2,2d-mesh,10,100,180,18,0.05,-4,0.0625,1.0,560,1,7.422470437254098,7.422468554734186,0.9999997463755594,0.8049983612776912,0.8043312400495133,0.8046647315275546,0.8046647315275546,1,1,71.57163861048329,506.20461849171295,7.40166937343339,0.9971975551810478,0.8035100363077967,0.001154695219757862
footprint,kappa_bar,9,4,9,160,$\kappa=4$,2,2d-mesh,10,100,180,18,0.05,-4,0.0625,1.0,560,1,7.422470437254098,7.422468554734186,0.9999997463755594,0.8040946177429682,0.8037243907986077,0.8039094829580669,0.8039094829580669,1,1,71.44157184226711,506.334685259929,7.401669627494454,0.9971975894096872,0.8035100363077967,0.00039944665027014103
footprint,kappa_bar,10,4,10,160,$\kappa=4$,2,2d-mesh,10,100,180,18,0.05,-4,0.0625,1.0,560,1,7.422470437254098,7.422468554734186,0.9999997463755594,0.803558751020215,0.803509120614042,0.8035339354339498,0.8035339354339498,1,1,71.41938541612983,506.3568716860663,7.401669674106818,0.9971975956895862,0.8035100363077967,2.3899126153081873e-05
footprint,kappa_bar,11,4,11,160,$\kappa=4$,2,2d-mesh,10,100,180,18,0.05,-4,0.0625,1.0,560,1,7.422470437254098,7.422468554734186,0.9999997463755594,0.803510952002595,0.803509120614042,0.8035100363077967,0.8035100363077967,1,1,71.41938541612983,506.3568716860663,7.4016696827680555,0.9971975968564804,0.8035100363077967,0.0
footprint,kappa_bar,12,4,12,160,$\kappa=4$,2,2d-mesh,10,100,180,18,0.05,-4,0.0625,1.0,560,1,7.422470437254098,7.422468554734186,0.9999997463755594,0.803510952002595,0.803509120614042,0.8035100363077967,0.8035100363077967,1,1,71.41938541612983,506.3568716860663,7.401669684275943,0.997197597059632,0.8035100363077967,0.0
footprint,kappa_bar,13,4,13,160,$\kappa=4$,2,2d-mesh,10,100,180,18,0.05,-4,0.0625,1.0,560,1,7.422470437254098,7.422468554734186,0.9999997463755594,0.803510952002595,0.803509120614042,0.8035100363077967,0.8035100363077967,1,1,71.41938541612983,506.3568716860663,7.4016696845362775,0.9971975970947058,0.8035100363077967,0.0
footprint,kappa_bar,14,4,14,160,$\kappa=4$,2,2d-mesh,10,100,180,18,0.05,-4,0.0625,1.0,560,1,7.422470437254098,7.422468554734186,0.9999997463755594,0.803510952002595,0.803509120614042,0.8035100363077967,0.8035100363077967,1,1,71.41938541612983,506.3568716860663,7.401669684582596,0.9971975971009461,0.8035100363077967,0.0
footprint,kappa_bar,15,4,15,160,$\kappa=4$,2,2d-mesh,10,100,180,18,0.05,-4,0.0625,1.0,560,1,7.422470437254098,7.422468554734186,0.9999997463755594,0.803510952002595,0.803509120614042,0.8035100363077967,0.8035100363077967,1,1,71.41938541612983,506.3568716860663,7.4016696845904315,0.9971975971020018,0.8035100363077967,0.0
footprint,kappa_bar,16,4,16,160,$\kappa=4$,2,2d-mesh,10,100,180,18,0.05,-4,0.0625,1.0,560,1,7.422470437254098,7.422468554734186,0.9999997463755594,0.803510952002595,0.803509120614042,0.8035100363077967,0.8035100363077967,1,1,71.41938541612983,506.3568716860663,7.401669684591625,0.9971975971021626,0.8035100363077967,0.0
footprint,kappa_bar,17,4,17,160,$\kappa=4$,2,2d-mesh,10,100,180,18,0.05,-4,0.0625,1.0,560,1,7.422470437254098,7.422468554734186,0.9999997463755594,0.803510952002595,0.803509120614042,0.8035100363077967,0.8035100363077967,1,1,71.41938541612983,506.3568716860663,7.401669684591784,0.997197597102184,0.8035100363077967,0.0
footprint,kappa_bar,18,4,18,160,$\kappa=4$,2,2d-mesh,10,100,180,18,0.05,-4,0.0625,1.0,560,1,7.422470437254098,7.422468554734186,0.9999997463755594,0.803510952002595,0.803509120614042,0.8035100363077967,0.8035100363077967,1,1,71.41938541612983,506.3568716860663,7.4016696845918,0.9971975971021861,0.8035100363077967,0.0
