slice,value,series_order,series_label,id
halo,1.0,0,$\bar\kappa=4$,sweep-k1_b4_h80
halo,2.0,0,$\bar\kappa=4$,sweep-k2_b4_h80
halo,3.0,0,$\bar\kappa=4$,sweep-k3_b4_h80
halo,4.0,0,$\bar\kappa=4$,sweep-k4_b4_h80
halo,0.0,1,$\bar\kappa=8$,sweep-k0_b8_h80
halo,1.0,1,$\bar\kappa=8$,sweep-k1_b8_h80
halo,2.0,1,$\bar\kappa=8$,sweep-k2_b8_h80
halo,3.0,1,$\bar\kappa=8$,sweep-k3_b8_h80
halo,4.0,1,$\bar\kappa=8$,sweep-k4_b8_h80
halo,5.0,1,$\bar\kappa=8$,sweep-k5_b8_h80
halo,6.0,1,$\bar\kappa=8$,sweep-k6_b8_h80
halo,7.0,1,$\bar\kappa=8$,sweep-k7_b8_h80
halo,8.0,1,$\bar\kappa=8$,sweep-k8_b8_h80
halo,0.0,2,$\bar\kappa=18$,sweep-k0_b18_h80
halo,1.0,2,$\bar\kappa=18$,sweep-k1_b18_h80
halo,2.0,2,$\bar\kappa=18$,sweep-k2_b18_h80
halo,3.0,2,$\bar\kappa=18$,sweep-k3_b18_h80
halo,4.0,2,$\bar\kappa=18$,sweep-k4_b18_h80
halo,5.0,2,$\bar\kappa=18$,sweep-k5_b18_h80
halo,6.0,2,$\bar\kappa=18$,sweep-k6_b18_h80
halo,7.0,2,$\bar\kappa=18$,sweep-k7_b18_h80
halo,8.0,2,$\bar\kappa=18$,sweep-k8_b18_h80
memory,9,0,"all sources, $\bar\kappa=\kappa+v_{\rm cone}T$",sweep-k0_bcone_h10
memory,14,0,"all sources, $\bar\kappa=\kappa+v_{\rm cone}T$",sweep-k0_bcone_h15
memory,19,0,"all sources, $\bar\kappa=\kappa+v_{\rm cone}T$",sweep-k0_bcone_h20
memory,29,0,"all sources, $\bar\kappa=\kappa+v_{\rm cone}T$",sweep-k0_bcone_h30
memory,39,0,"all sources, $\bar\kappa=\kappa+v_{\rm cone}T$",sweep-k0_bcone_h40
memory,59,0,"all sources, $\bar\kappa=\kappa+v_{\rm cone}T$",sweep-k0_bcone_h60
memory,79,0,"all sources, $\bar\kappa=\kappa+v_{\rm cone}T$",sweep-k0_bcone_h80
memory,99,0,"all sources, $\bar\kappa=\kappa+v_{\rm cone}T$",sweep-k0_bcone_h100
footprint,7.0,0,$\kappa=0$,sweep-k0_b7_h80
footprint,8.0,0,$\kappa=0$,sweep-k0_b8_h80
footprint,9.0,0,$\kappa=0$,sweep-k0_b9_h80
footprint,10.0,0,$\kappa=0$,sweep-k0_b10_h80
footprint,12.0,0,$\kappa=0$,sweep-k0_b12_h80
footprint,14.0,0,$\kappa=0$,sweep-k0_b14_h80
footprint,18.0,0,$\kappa=0$,sweep-k0_b18_h80
footprint,4.0,1,$\kappa=2$,sweep-k2_b4_h80
footprint,5.0,1,$\kappa=2$,sweep-k2_b5_h80
footprint,6.0,1,$\kappa=2$,sweep-k2_b6_h80
footprint,7.0,1,$\kappa=2$,sweep-k2_b7_h80
footprint,8.0,1,$\kappa=2$,sweep-k2_b8_h80
footprint,9.0,1,$\kappa=2$,sweep-k2_b9_h80
footprint,10.0,1,$\kappa=2$,sweep-k2_b10_h80
footprint,12.0,1,$\kappa=2$,sweep-k2_b12_h80
footprint,14.0,1,$\kappa=2$,sweep-k2_b14_h80
footprint,18.0,1,$\kappa=2$,sweep-k2_b18_h80
footprint,4.0,2,$\kappa=4$,sweep-k4_b4_h80
footprint,5.0,2,$\kappa=4$,sweep-k4_b5_h80
footprint,6.0,2,$\kappa=4$,sweep-k4_b6_h80
footprint,7.0,2,$\kappa=4$,sweep-k4_b7_h80
footprint,8.0,2,$\kappa=4$,sweep-k4_b8_h80
footprint,9.0,2,$\kappa=4$,sweep-k4_b9_h80
footprint,10.0,2,$\kappa=4$,sweep-k4_b10_h80
footprint,12.0,2,$\kappa=4$,sweep-k4_b12_h80
footprint,14.0,2,$\kappa=4$,sweep-k4_b14_h80
footprint,18.0,2,$\kappa=4$,sweep-k4_b18_h80
