reference_id,kappa,kappa_bar,time_horizon,diameter,node_count,implementation_taps_per_controller,architecture_cost,normalized_cost_gap,feasible_column_cost_gap,qp_feasible_fraction,qp_feasibility,support_family
sampled-000,3,3,159,18,100,3136.0,313600.0,0.008469687474120358,0.008469687474120358,1,feasible,saturated
sampled-001,3,4,159,18,100,4726.0,472600.0,0.0061673488029412304,0.0061673488029412304,1,feasible,saturated
sampled-002,4,4,159,18,100,4736.0,473600.0,0.006165334547362011,0.006165334547362011,1,feasible,saturated
sampled-003,3,3,199,18,100,3920.0000000000005,392000.00000000006,0.004923183441223999,0.004923183441223999,1,feasible,saturated
sampled-004,3,4,199,18,100,5910.0,591000.0,0.002601779997760678,0.002601779997760678,1,feasible,saturated
sampled-005,4,4,199,18,100,5920.0,592000.0,0.0025997379588176273,0.0025997379588176273,1,feasible,saturated
sampled-006,3,3,239,18,100,4704.0,470400.0,0.003745151402137603,0.003745151402137603,1,feasible,saturated
sampled-007,3,4,239,18,100,7094.0,709400.0,0.0014094125736119345,0.0014094125736119345,1,feasible,saturated
sampled-008,4,4,239,18,100,7104.0,710400.0,0.001407364966516944,0.001407364966516944,1,feasible,saturated
sampled-009,3,3,279,18,100,5488.0,548800.0,0.003322152408736123,0.003322152408736123,1,feasible,saturated
sampled-010,3,4,279,18,100,8278.0,827800.0,0.0009834939769357565,0.0009834939769357565,1,feasible,saturated
sampled-011,4,4,279,18,100,8288.0,828800.0,0.0009814467892472756,0.0009814467892472756,1,feasible,saturated
sampled-012,3,3,319,18,100,6272.0,627200.0,0.0031625794896357196,0.0031625794896357196,1,feasible,saturated
sampled-013,3,4,319,18,100,9462.0,946200.0,0.0008246005193259798,0.0008246005193259798,1,feasible,saturated
sampled-014,4,4,319,18,100,9472.0,947200.0,0.000822554448165036,0.000822554448165036,1,feasible,saturated
sampled-015,3,3,359,18,100,7056.000000000001,705600.0000000001,0.003100514504446039,0.003100514504446039,1,feasible,saturated
sampled-016,3,4,359,18,100,10646.0,1064600.0,0.0007634538610190589,0.0007634538610190589,1,feasible,saturated
sampled-017,4,4,359,18,100,10656.0,1065600.0,0.0007614085520550873,0.0007614085520550873,1,feasible,saturated
sampled-018,3,3,399,18,100,7840.000000000001,784000.0000000001,0.0030759176903629726,0.0030759176903629726,1,feasible,saturated
sampled-019,3,4,399,18,100,11830.0,1183000.0,0.0007393679052185576,0.0007393679052185576,1,feasible,saturated
sampled-020,4,4,399,18,100,11840.0,1184000.0,0.0007373230049450008,0.0007373230049450008,1,feasible,saturated
