slice,vary,value,raw_tail,tail_for_plot,floor,series_label,series_order,kappa,kappa_bar,time_horizon
halo,kappa,0,0.04336463510984685,0.013738513546010776,0.029626121563836077,$\bar\kappa=4$,0,0,4,80
halo,kappa,1,0.03251834241652171,0.002892220852685635,0.029626121563836077,$\bar\kappa=4$,0,1,4,80
halo,kappa,2,0.030022185385831148,0.0003960638219950713,0.029626121563836077,$\bar\kappa=4$,0,2,4,80
halo,kappa,3,0.029660613697663398,3.44921338273213e-05,0.029626121563836077,$\bar\kappa=4$,0,3,4,80
halo,kappa,4,0.029626121563836077,0.0,0.029626121563836077,$\bar\kappa=4$,0,4,4,80
halo,kappa,0,0.04332648863661834,0.013744199537563534,0.029582289099054804,$\bar\kappa=8$,1,0,8,80
halo,kappa,1,0.032479798469774716,0.0028975093707199126,0.029582289099054804,$\bar\kappa=8$,1,1,8,80
halo,kappa,2,0.02998300478132236,0.0004007156822675578,0.029582289099054804,$\bar\kappa=8$,1,2,8,80
halo,kappa,3,0.029620446145627543,3.815704657273919e-05,0.029582289099054804,$\bar\kappa=8$,1,3,8,80
halo,kappa,4,0.029584481071506616,2.1919724518121297e-06,0.029582289099054804,$\bar\kappa=8$,1,4,8,80
halo,kappa,5,0.029582358569847495,6.947079269140066e-08,0.029582289099054804,$\bar\kappa=8$,1,5,8,80
halo,kappa,6,0.029582307817842286,1.87187874818584e-08,0.029582289099054804,$\bar\kappa=8$,1,6,8,80
halo,kappa,7,0.02958229422360727,5.1245524664012e-09,0.029582289099054804,$\bar\kappa=8$,1,7,8,80
halo,kappa,8,0.029582289099054804,0.0,0.029582289099054804,$\bar\kappa=8$,1,8,8,80
halo,kappa,0,0.04332645755431851,0.013744204979325991,0.029582252574992515,$\bar\kappa=18$,2,0,18,80
halo,kappa,1,0.03247976716953498,0.0028975145945424677,0.029582252574992515,$\bar\kappa=18$,2,1,18,80
halo,kappa,2,0.0299829731962595,0.000400720621266986,0.029582252574992515,$\bar\kappa=18$,2,2,18,80
halo,kappa,3,0.02962041419335245,3.8161618359934535e-05,0.029582252574992515,$\bar\kappa=18$,2,3,18,80
halo,kappa,4,0.029584448655905215,2.1960809126995995e-06,0.029582252574992515,$\bar\kappa=18$,2,4,18,80
halo,kappa,5,0.029582325583579105,7.300858658951248e-08,0.029582252574992515,$\bar\kappa=18$,2,5,18,80
halo,kappa,6,0.029582274145573524,2.157058100887843e-08,0.029582252574992515,$\bar\kappa=18$,2,6,18,80
halo,kappa,7,0.02958225974597386,7.170981343451732e-09,0.029582252574992515,$\bar\kappa=18$,2,7,18,80
halo,kappa,8,0.02958225369730923,1.122316715257421e-09,0.029582252574992515,$\bar\kappa=18$,2,8,18,80
halo,kappa,9,0.02958225266031356,8.532104536773666e-11,0.029582252574992515,$\bar\kappa=18$,2,9,18,80
halo,kappa,10,0.0295822525801148,5.122284540970412e-12,0.029582252574992515,$\bar\kappa=18$,2,10,18,80
halo,kappa,11,0.029582252577207837,2.2153216761022776e-12,0.029582252574992515,$\bar\kappa=18$,2,11,18,80
halo,kappa,12,0.029582252575633575,6.410601216533252e-13,0.029582252574992515,$\bar\kappa=18$,2,12,18,80
halo,kappa,13,0.029582252575075865,8.334999357373363e-14,0.029582252574992515,$\bar\kappa=18$,2,13,18,80
halo,kappa,14,0.02958225257499677,4.253541963095131e-15,0.029582252574992515,$\bar\kappa=18$,2,14,18,80
halo,kappa,15,0.029582252574992945,4.3021142204224816e-16,0.029582252574992515,$\bar\kappa=18$,2,15,18,80
halo,kappa,16,0.02958225257499271,1.942890293094024e-16,0.029582252574992515,$\bar\kappa=18$,2,16,18,80
halo,kappa,17,0.02958225257499254,2.42861286636753e-17,0.029582252574992515,$\bar\kappa=18$,2,17,18,80
halo,kappa,18,0.029582252574992515,0.0,0.029582252574992515,$\bar\kappa=18$,2,18,18,80
memory,time_horizon,5,0.7958280302090667,0.7820296656515651,0.013798364557501662,"$(0,4)$",0,0,4,5
memory,time_horizon,10,0.6353247256445405,0.6215263610870388,0.013798364557501662,"$(0,4)$",0,0,4,10
memory,time_horizon,15,0.4984581073743951,0.48465974281689345,0.013798364557501662,"$(0,4)$",0,0,4,15
memory,time_horizon,20,0.3877377944636196,0.37393942990611795,0.013798364557501662,"$(0,4)$",0,0,4,20
memory,time_horizon,25,0.3014706989088771,0.28767233435137546,0.013798364557501662,"$(0,4)$",0,0,4,25
memory,time_horizon,30,0.23590053370633604,0.22210216914883438,0.013798364557501662,"$(0,4)$",0,0,4,30
memory,time_horizon,40,0.15006821169634652,0.13626984713884485,0.013798364557501662,"$(0,4)$",0,0,4,40
memory,time_horizon,50,0.10176385384299504,0.08796548928549337,0.013798364557501662,"$(0,4)$",0,0,4,50
memory,time_horizon,60,0.0732506383036511,0.059452273746149434,0.013798364557501662,"$(0,4)$",0,0,4,60
memory,time_horizon,80,0.04336463510984685,0.02956627055234519,0.013798364557501662,"$(0,4)$",0,0,4,80
memory,time_horizon,100,0.029417255226756055,0.015618890669254393,0.013798364557501662,"$(0,4)$",0,0,4,100
memory,time_horizon,120,0.022370096734685107,0.008571732177183445,0.013798364557501662,"$(0,4)$",0,0,4,120
memory,time_horizon,160,0.01658925177279466,0.0027908872152929993,0.013798364557501662,"$(0,4)$",0,0,4,160
memory,time_horizon,200,0.014770845410391037,0.000972480852889375,0.013798364557501662,"$(0,4)$",0,0,4,200
memory,time_horizon,240,0.014150552916173027,0.000352188358671365,0.013798364557501662,"$(0,4)$",0,0,4,240
memory,time_horizon,280,0.0139270197484153,0.00012865519091363915,0.013798364557501662,"$(0,4)$",0,0,4,280
memory,time_horizon,320,0.013843296519778864,4.4931962277202156e-05,0.013798364557501662,"$(0,4)$",0,0,4,320
memory,time_horizon,360,0.013811048452282487,1.2683894780825267e-05,0.013798364557501662,"$(0,4)$",0,0,4,360
memory,time_horizon,400,0.013798364557501662,0.0,0.013798364557501662,"$(0,4)$",0,0,4,400
memory,time_horizon,5,0.7824844016894595,0.7820750797392128,0.0004093219502467356,"$(2,8)$",1,2,8,5
memory,time_horizon,10,0.6219801388155208,0.621570816865274,0.0004093219502467356,"$(2,8)$",1,2,8,10
memory,time_horizon,15,0.4851105465112052,0.4847012245609585,0.0004093219502467356,"$(2,8)$",1,2,8,15
memory,time_horizon,20,0.3743851197496816,0.37397579779943485,0.0004093219502467356,"$(2,8)$",1,2,8,20
memory,time_horizon,25,0.2881124414778781,0.2877031195276314,0.0004093219502467356,"$(2,8)$",1,2,8,25
memory,time_horizon,30,0.2225378834861389,0.22212856153589217,0.0004093219502467356,"$(2,8)$",1,2,8,30
memory,time_horizon,40,0.13670180877452756,0.13629248682428083,0.0004093219502467356,"$(2,8)$",1,2,8,40
memory,time_horizon,50,0.08839593127799879,0.08798660932775206,0.0004093219502467356,"$(2,8)$",1,2,8,50
memory,time_horizon,60,0.05987903139055425,0.059469709440307515,0.0004093219502467356,"$(2,8)$",1,2,8,60
memory,time_horizon,80,0.02998300478132236,0.029573682831075625,0.0004093219502467356,"$(2,8)$",1,2,8,80
memory,time_horizon,100,0.01603100799968192,0.015621686049435184,0.0004093219502467356,"$(2,8)$",1,2,8,100
memory,time_horizon,120,0.008982836758801339,0.008573514808554603,0.0004093219502467356,"$(2,8)$",1,2,8,120
memory,time_horizon,160,0.003200968528782652,0.0027916465785359163,0.0004093219502467356,"$(2,8)$",1,2,8,160
memory,time_horizon,200,0.0013819746674718786,0.000972652717225143,0.0004093219502467356,"$(2,8)$",1,2,8,200
memory,time_horizon,240,0.0007615428627076076,0.00035222091246087204,0.0004093219502467356,"$(2,8)$",1,2,8,240
memory,time_horizon,280,0.000537987533593107,0.00012866558334637135,0.0004093219502467356,"$(2,8)$",1,2,8,280
memory,time_horizon,320,0.0004542591740777705,4.493722383103492e-05,0.0004093219502467356,"$(2,8)$",1,2,8,320
memory,time_horizon,360,0.00042200794946385423,1.2685999217118625e-05,0.0004093219502467356,"$(2,8)$",1,2,8,360
memory,time_horizon,400,0.0004093219502467356,0.0,0.0004093219502467356,"$(2,8)$",1,2,8,400
memory,time_horizon,5,0.7820858775302494,0.7820751224037518,1.0755126497661343e-05,"$(4,18)$",2,4,18,5
memory,time_horizon,10,0.6215816135139525,0.6215708583874548,1.0755126497661343e-05,"$(4,18)$",2,4,18,10
memory,time_horizon,15,0.4847120205090955,0.48470126538259783,1.0755126497661343e-05,"$(4,18)$",2,4,18,15
memory,time_horizon,20,0.3739865918772302,0.37397583675073254,1.0755126497661343e-05,"$(4,18)$",2,4,18,20
memory,time_horizon,25,0.2877139102228549,0.28770315509635724,1.0755126497661343e-05,"$(4,18)$",2,4,18,25
memory,time_horizon,30,0.22213934819697,0.22212859307047234,1.0755126497661343e-05,"$(4,18)$",2,4,18,30
memory,time_horizon,40,0.13630326760830067,0.136292512481803,1.0755126497661343e-05,"$(4,18)$",2,4,18,40
memory,time_horizon,50,0.08799738769792978,0.08798663257143212,1.0755126497661343e-05,"$(4,18)$",2,4,18,50
memory,time_horizon,60,0.05948048486349292,0.05946972973699526,1.0755126497661343e-05,"$(4,18)$",2,4,18,60
memory,time_horizon,80,0.029584448655905215,0.029573693529407554,1.0755126497661343e-05,"$(4,18)$",2,4,18,80
memory,time_horizon,100,0.015632446241904227,0.015621691115406566,1.0755126497661343e-05,"$(4,18)$",2,4,18,100
memory,time_horizon,120,0.008584273640957828,0.008573518514460168,1.0755126497661343e-05,"$(4,18)$",2,4,18,120
memory,time_horizon,160,0.0028024028978264636,0.0027916477713288024,1.0755126497661343e-05,"$(4,18)$",2,4,18,160
memory,time_horizon,200,0.0009834080711248275,0.0009726529446271662,1.0755126497661343e-05,"$(4,18)$",2,4,18,200
memory,time_horizon,240,0.0003629761403519864,0.0003522210138543251,1.0755126497661343e-05,"$(4,18)$",2,4,18,240
memory,time_horizon,280,0.00013942073259811806,0.00012866560610045672,1.0755126497661343e-05,"$(4,18)$",2,4,18,280
memory,time_horizon,320,5.5692353708166666e-05,4.493722721050533e-05,1.0755126497661343e-05,"$(4,18)$",2,4,18,320
memory,time_horizon,360,2.3441126463267428e-05,1.2685999965606085e-05,1.0755126497661343e-05,"$(4,18)$",2,4,18,360
memory,time_horizon,400,1.0755126497661343e-05,0.0,1.0755126497661343e-05,"$(4,18)$",2,4,18,400
footprint,kappa_bar,0,0.16932663653532853,0.12600017898101,0.04332645755431851,$\kappa=0$,0,0,0,80
footprint,kappa_bar,1,0.06373715481121588,0.02041069725689737,0.04332645755431851,$\kappa=0$,0,0,1,80
footprint,kappa_bar,2,0.045626458294761404,0.002300000740442898,0.04332645755431851,$\kappa=0$,0,0,2,80
footprint,kappa_bar,3,0.04357320860616304,0.00024675105184453205,0.04332645755431851,$\kappa=0$,0,0,3,80
footprint,kappa_bar,4,0.04336463510984685,3.81775555283459e-05,0.04332645755431851,$\kappa=0$,0,0,4,80
footprint,kappa_bar,5,0.043333386418334306,6.928864015799674e-06,0.04332645755431851,$\kappa=0$,0,0,5,80
footprint,kappa_bar,6,0.04332756045721549,1.1029028969822274e-06,0.04332645755431851,$\kappa=0$,0,0,6,80
footprint,kappa_bar,7,0.04332662846766144,1.7091334293672933e-07,0.04332645755431851,$\kappa=0$,0,0,7,80
footprint,kappa_bar,8,0.04332648863661834,3.10822998311755e-08,0.04332645755431851,$\kappa=0$,0,0,8,80
footprint,kappa_bar,9,0.04332646337145794,5.8171394368145e-09,0.04332645755431851,$\kappa=0$,0,0,9,80
footprint,kappa_bar,10,0.04332645849904794,9.447294335718226e-10,0.04332645755431851,$\kappa=0$,0,0,10,80
footprint,kappa_bar,11,0.043326457701899655,1.475811486906231e-10,0.04332645755431851,$\kappa=0$,0,0,11,80
footprint,kappa_bar,12,0.04332645758160936,2.729085013530863e-11,0.04332645755431851,$\kappa=0$,0,0,12,80
footprint,kappa_bar,13,0.04332645755946534,5.146834347602436e-12,0.04332645755431851,$\kappa=0$,0,0,13,80
footprint,kappa_bar,14,0.04332645755508879,7.702866122727414e-13,0.04332645755431851,$\kappa=0$,0,0,14,80
footprint,kappa_bar,15,0.04332645755441408,9.557632463241816e-14,0.04332645755431851,$\kappa=0$,0,0,15,80
footprint,kappa_bar,16,0.043326457554332065,1.3558598688234724e-14,0.04332645755431851,$\kappa=0$,0,0,16,80
footprint,kappa_bar,17,0.04332645755432033,1.824929096727601e-15,0.04332645755431851,$\kappa=0$,0,0,17,80
footprint,kappa_bar,18,0.04332645755431851,0.0,0.04332645755431851,$\kappa=0$,0,0,18,80
footprint,kappa_bar,2,0.03284506623480742,0.0028620930385479214,0.0299829731962595,$\kappa=2$,1,2,2,80
footprint,kappa_bar,3,0.03026856505506444,0.0002855918588049386,0.0299829731962595,$\kappa=2$,1,2,3,80
footprint,kappa_bar,4,0.030022185385831148,3.921218957164685e-05,0.0299829731962595,$\kappa=2$,1,2,4,80
footprint,kappa_bar,5,0.02999000500884746,7.031812587959818e-06,0.0299829731962595,$\kappa=2$,1,2,5,80
footprint,kappa_bar,6,0.0299841303486093,1.1571523497976022e-06,0.0299829731962595,$\kappa=2$,1,2,6,80
footprint,kappa_bar,7,0.029983152861206355,1.7966494685398016e-07,0.0299829731962595,$\kappa=2$,1,2,7,80
footprint,kappa_bar,8,0.02998300478132236,3.158506286030094e-08,0.0299829731962595,$\kappa=2$,1,2,8,80
footprint,kappa_bar,9,0.02998297904628185,5.8500223484858616e-09,0.0299829731962595,$\kappa=2$,1,2,9,80
footprint,kappa_bar,10,0.029982974162562983,9.66303481675368e-10,0.0299829731962595,$\kappa=2$,1,2,10,80
footprint,kappa_bar,11,0.02998297334851038,1.522508785711807e-10,0.0299829731962595,$\kappa=2$,1,2,11,80
footprint,kappa_bar,12,0.029982973223915924,2.765642229118903e-11,0.0299829731962595,$\kappa=2$,1,2,12,80
footprint,kappa_bar,13,0.02998297320143069,5.17118986520515e-12,0.0299829731962595,$\kappa=2$,1,2,13,80
footprint,kappa_bar,14,0.02998297319704166,7.821590597423267e-13,0.0299829731962595,$\kappa=2$,1,2,14,80
footprint,kappa_bar,15,0.029982973196357385,9.788350685546732e-14,0.0299829731962595,$\kappa=2$,1,2,15,80
footprint,kappa_bar,16,0.029982973196273206,1.3704315460216776e-14,0.0299829731962595,$\kappa=2$,1,2,16,80
footprint,kappa_bar,17,0.02998297319626133,1.8283985436795547e-15,0.0299829731962595,$\kappa=2$,1,2,17,80
footprint,kappa_bar,18,0.0299829731962595,0.0,0.0299829731962595,$\kappa=2$,1,2,18,80
footprint,kappa_bar,4,0.029626121563836077,4.167290793086198e-05,0.029584448655905215,$\kappa=4$,2,4,4,80
footprint,kappa_bar,5,0.02959154676122,7.098105314785191e-06,0.029584448655905215,$\kappa=4$,2,4,5,80
footprint,kappa_bar,6,0.029585654590065614,1.2059341603989915e-06,0.029584448655905215,$\kappa=4$,2,4,6,80
footprint,kappa_bar,7,0.029584638937878292,1.9028197307743855e-07,0.029584448655905215,$\kappa=4$,2,4,7,80
footprint,kappa_bar,8,0.029584481071506616,3.241560140102018e-08,0.029584448655905215,$\kappa=4$,2,4,8,80
footprint,kappa_bar,9,0.029584454533035452,5.877130237336159e-09,0.029584448655905215,$\kappa=4$,2,4,9,80
footprint,kappa_bar,10,0.029584449639786018,9.838808032180957e-10,0.029584448655905215,$\kappa=4$,2,4,10,80
footprint,kappa_bar,11,0.029584448813306203,1.5740098807670577e-10,0.029584448655905215,$\kappa=4$,2,4,11,80
footprint,kappa_bar,12,0.02958444868407477,2.816955349538297e-11,0.029584448655905215,$\kappa=4$,2,4,12,80
footprint,kappa_bar,13,0.029584448661095254,5.190039370495114e-12,0.029584448655905215,$\kappa=4$,2,4,13,80
footprint,kappa_bar,14,0.029584448656696318,7.911032939844631e-13,0.029584448655905215,$\kappa=4$,2,4,14,80
footprint,kappa_bar,15,0.029584448656005593,1.0037803921392197e-13,0.029584448655905215,$\kappa=4$,2,4,15,80
footprint,kappa_bar,16,0.029584448655919117,1.3902073936478132e-14,0.029584448655905215,$\kappa=4$,2,4,16,80
footprint,kappa_bar,17,0.029584448655907047,1.8318679906315083e-15,0.029584448655905215,$\kappa=4$,2,4,17,80
footprint,kappa_bar,18,0.029584448655905215,0.0,0.029584448655905215,$\kappa=4$,2,4,18,80
